Main staff group,Staff group,January 2017,February 2017,March 2017,April 2017,May 2017,June 2017,July 2017,August 2017,September 2017,October 2017,November 2017,December 2017,January 2018,February 2018,March 2018,April 2018,May 2018,June 2018,July 2018,August 2018,September 2018,October 2018,November 2018,December 2018,January 2019,February 2019,March 2019,April 2019,May 2019,June 2019,July 2019,August 2019,September 2019,October 2019,November 2019,December 2019,January 2020,February 2020,March 2020,April 2020,May 2020,June 2020,July 2020,August 2020,September 2020,October 2020,November 2020,December 2020,January 2021,February 2021,March 2021,April 2021,May 2021,June 2021,July 2021,August 2021,September 2021,October 2021,November 2021,December 2021,January 2022,February 2022,March 2022,April 2022,May 2022,June 2022,July 2022,August 2022,September 2022,October 2022,November 2022,December 2022,January 2023,February 2023,March 2023,April 2023,May 2023,June 2023,July 2023,August 2023,September 2023,October 2023,"November
2023",December 2023,January 2024,February 2024,"March
 2024",April 2024,May 2024,June 2024,July 2024,August 2024,September 2024,October 2024,November 2024,December 2024,"January 
2025",February 2025,March 2025,April 2025,May 2025,June 2025,July 2025,August 2025,September 2025,
All staff groups,All staff groups,4.66,4.29,3.93,3.69,3.84,3.85,4.02,4,00,3.99,4.25,4.43,4.61,5.03,4.45,4.05,3.83,3.79,3.9,4.09,4.05,4.12,4.34,4.46,4.51,4.77,4.51,4.08,4.06,4.01,4.12,4.23,4.14,4.25,4.6,4.73,4.86,4.81,4.51,5.36,6.2,4.72,4.04,3.88,3.9,4.19,4.52,4.92,5.09,5.75,4.65,3.99,4.06,4.34,4.63,5.07,5.14,5.38,5.68,5.61,6.2,6.72,5.63,6.04,5.79,4.91,5.23,6.06,5.02,5.03,5.61,5.46,6.3,5.34,5.01,4.95,4.52,4.47,4.52,4.77,4.89,4.99,5.33,5.3,5.51,5.48,5.1,4.74,4.76,4.71,4.87,5.2,4.79,4.96,5.41,5.43,5.74,5.71,5.26,4.88,4.79,4.7,4.93,5.08,5.07,5.29,
Professionally qualified clinical staff,All staff groups,4,00,3.65,3.34,3.16,3.3,3.28,3.42,3.36,3.38,3.55,3.74,3.93,4.26,3.76,3.42,3.25,3.2,3.3,3.43,3.39,3.47,3.65,3.77,3.84,4.02,3.81,3.44,3.42,3.37,3.46,3.53,3.41,3.52,3.79,3.89,4.05,4,00,3.74,4.73,5.68,4.15,3.46,3.32,3.27,3.53,3.81,4.24,4.48,5.11,4.05,3.44,3.47,3.67,3.89,4.29,4.35,4.59,4.87,4.8,5.5,6.06,4.99,5.46,5.17,4.23,4.6,5.38,4.25,4.31,4.87,4.69,5.56,4.6,4.3,4.28,3.9,3.85,3.86,4.06,4.13,4.24,4.54,4.51,4.75,4.71,4.36,4.05,4.09,4.03,4.16,4.45,4.04,4.24,4.65,4.64,4.97,4.94,4.55,4.24,4.17,4.08,4.26,4.39,4.36,4.61,
Professionally qualified clinical staff,HCHS doctors - All grades,1.4,1.33,1.28,1.21,1.23,1.21,1.24,1.13,1.23,1.26,1.32,1.37,1.55,1.45,1.34,1.26,1.22,1.23,1.23,1.05,1.17,1.3,1.36,1.38,1.51,1.44,1.31,1.31,1.29,1.33,1.39,1.19,1.28,1.42,1.45,1.5,1.54,1.47,2.66,3.01,1.74,1.4,1.31,1.14,1.33,1.48,1.75,1.88,2.03,1.45,1.29,1.25,1.32,1.4,1.57,1.46,1.63,1.79,1.74,2.17,2.58,2.23,2.62,2.28,1.78,2.05,2.49,1.66,1.77,2.08,1.97,2.31,1.95,1.91,1.9,1.61,1.7,1.68,1.73,1.6,1.77,1.93,1.95,1.97,2.04,1.95,1.87,1.86,1.84,1.85,2.03,1.66,1.86,2.02,1.97,2.08,2.17,2.04,1.98,1.83,1.76,1.88,1.89,1.7,1.93,
Professionally qualified clinical staff,HCHS doctors - Consultant,1.34,1.24,1.21,1.1,1.16,1.16,1.18,1.17,1.22,1.17,1.26,1.33,1.5,1.39,1.26,1.17,1.15,1.13,1.14,1.1,1.15,1.24,1.3,1.33,1.43,1.43,1.25,1.21,1.23,1.24,1.25,1.19,1.22,1.33,1.33,1.43,1.44,1.4,2.51,2.87,1.65,1.38,1.27,1.23,1.29,1.4,1.57,1.65,1.69,1.34,1.18,1.12,1.23,1.25,1.42,1.44,1.53,1.66,1.54,1.82,2.18,1.95,2.31,1.93,1.51,1.75,2.13,1.55,1.61,1.8,1.73,1.94,1.64,1.65,1.65,1.43,1.47,1.48,1.5,1.51,1.63,1.69,1.66,1.74,1.81,1.75,1.61,1.59,1.56,1.59,1.61,1.48,1.6,1.66,1.63,1.73,1.75,1.63,1.6,1.51,1.47,1.52,1.52,1.53,1.65,
Professionally qualified clinical staff,HCHS doctors - Associate Specialist,2.73,2.95,2.78,2.62,2.56,2.44,2.57,2.75,3.06,3.19,3.07,3.3,3.1,3.17,2.75,2.64,2.53,2.47,2.4,2.36,2.84,2.54,2.48,2.48,2.49,2.41,2.36,2.31,2.29,2.5,2.68,2.57,2.62,3.05,2.78,2.73,3.1,3.18,3.66,4.87,3.84,3.24,2.7,2.65,3.15,3.05,3.3,3.33,2.83,2.13,1.9,1.66,1.94,2,00,2.52,2.6,2.7,2.8,2.81,2.95,3.52,2.93,3.73,3.29,3.09,3.09,3.63,3.04,3.21,3.76,3.31,3.54,3.43,3.18,2.69,2.37,2.46,2.65,2.61,2.45,2.25,2.38,2.27,2.3,2.84,2.97,2.48,2.4,2.23,2.27,2.83,2.69,2.81,3.06,3.1,3.35,3.25,2.92,2.54,2.38,2.66,2.66,2.51,2.38,2.82,
Professionally qualified clinical staff,HCHS doctors - Specialty Doctor,2.36,2.25,2.11,2.01,1.92,1.75,1.85,1.8,1.85,1.99,2.05,2.43,2.66,2.51,2.45,2.2,2,00,1.83,1.82,1.77,1.89,2.02,2.05,2.16,2.42,2.35,2.1,2.19,2.2,2.27,2.48,2.2,2.28,2.36,2.38,2.26,2.26,2.15,3.38,4.23,3.07,2.43,2.11,1.97,2.4,2.49,2.7,2.66,2.88,2.35,2.06,2.08,2.21,2.21,2.24,2.31,2.38,2.68,2.75,2.85,3.33,3,00,3.27,3.19,2.63,2.97,3.66,2.84,2.88,3.13,2.94,3.24,2.84,2.7,2.81,2.44,2.45,2.43,2.51,2.71,2.69,2.74,2.75,2.85,2.81,2.68,2.53,2.48,2.64,2.48,2.8,2.63,2.74,2.71,2.74,2.87,2.84,2.63,2.55,2.38,2.43,2.49,2.71,2.69,2.78,
Professionally qualified clinical staff,HCHS doctors - Staff Grade,4.86,4.31,3.9,4.41,4.05,3.76,3.68,4.71,4.1,2.18,2.48,2.32,2.66,3.43,2.39,2.4,3.53,2.82,3.72,4.37,4.2,3.97,3.22,3.57,3.99,4.29,1.57,2.17,2.12,1.55,2.74,2.13,1.42,2.35,1.94,1.91,2.06,0.84,2.23,2.91,2.07,1.32,0.8,0.83,0.74,2.53,2.14,3.7,2.21,0.08,0.52,0.13,2.65,5.61,4.21,4.9,3.46,1.35,0.76,1.6,2.64,2.47,2.2,4.16,4.52,4.93,7.28,4.38,4.27,4.17,2.64,5.33,4.83,2.89,2.69,1.66,3.69,3.32,6.24,5.8,6.27,6.19,6.95,6.18,4.55,4.92,4.88,5.63,5.75,3.47,1.28,1.44,4.93,5.06,6.23,6.12,6.5,6.34,5.66,5.62,8.94,8.06,9.39,7.32,7.33,
Professionally qualified clinical staff,HCHS doctors - Specialty Registrar,1.26,1.19,1.17,1.14,1.16,1.14,1.15,1.01,1.11,1.19,1.24,1.27,1.41,1.31,1.23,1.21,1.17,1.19,1.17,0.97,1.06,1.21,1.29,1.31,1.37,1.27,1.2,1.26,1.18,1.26,1.3,1.11,1.22,1.34,1.46,1.44,1.5,1.41,2.69,2.82,1.6,1.28,1.2,1.02,1.25,1.38,1.68,1.85,2,00,1.45,1.29,1.27,1.32,1.41,1.53,1.42,1.63,1.78,1.8,2.21,2.63,2.24,2.62,2.3,1.83,2.01,2.31,1.58,1.65,1.96,1.88,2.29,1.98,1.86,1.94,1.65,1.67,1.61,1.68,1.58,1.79,1.96,2.05,2.06,2.1,1.97,2.03,2,00,1.96,1.98,2.08,1.7,1.96,2.19,2.12,2.21,2.31,2.24,2.22,2.06,1.86,1.96,1.95,1.75,1.99,
Professionally qualified clinical staff,HCHS doctors - Core Training,1.17,1.26,1.22,1.15,1.08,1,00,1.09,0.88,1.08,1.12,1.2,1.09,1.17,1.14,1.08,1.06,1.01,1.14,1.1,0.75,0.91,1.19,1.23,1.2,1.28,1.2,1.12,1.16,1.12,1.16,1.32,0.89,1.07,1.27,1.35,1.48,1.43,1.32,2.83,3.22,1.7,1.27,1.27,0.96,1.12,1.31,1.61,1.76,2.06,1.3,1.25,1.19,1.15,1.31,1.52,1.28,1.53,1.72,1.62,2.22,2.66,2.23,2.81,2.48,1.84,2.18,2.77,1.66,1.84,2.32,2.18,2.57,1.95,2,00,2.03,1.73,1.91,1.8,1.81,1.6,1.8,2.09,2.13,2.03,2.01,1.94,1.93,2.03,1.95,1.83,2.22,1.65,1.88,2.17,2.05,2.26,2.38,2.17,2.13,1.87,1.76,1.89,1.94,1.67,2.04,
Professionally qualified clinical staff,HCHS doctors - Foundation Doctor Year 2,1.21,1.07,0.91,0.8,0.87,1.01,1.14,0.65,0.83,1.04,1.04,0.97,1.3,1.25,1.06,1.01,0.98,1.04,1.09,0.63,1.04,1.22,1.24,1.14,1.5,1.34,1.18,1.09,1.03,1.2,1.28,0.76,1,00,1.14,1.16,1.08,1.38,1.21,2.27,2.73,1.55,1.17,1.34,0.78,1.08,1.26,1.53,1.66,2.24,1.26,1.01,0.93,1.1,1.18,1.57,1.27,1.63,1.71,1.61,2.56,2.94,2.42,2.82,2.29,1.76,2.31,3.25,1.61,1.84,2.39,2.19,2.66,2.22,2.24,1.94,1.49,1.81,1.88,2.19,1.55,2,00,2.32,2.35,2.1,2.42,2.33,2.2,1.84,2.06,2.33,2.85,1.86,2.22,2.48,2.4,2.34,2.61,2.47,2.24,2.11,2.25,2.68,2.61,1.95,2.47,
Professionally qualified clinical staff,HCHS doctors - Foundation Doctor Year 1,1.26,1.18,0.97,0.88,0.95,0.99,1.02,0.51,0.85,0.92,0.9,0.95,1.3,1.18,1.17,0.98,0.93,1.02,1.08,0.46,0.77,0.91,1.04,1.07,1.47,1.34,1.21,1.01,0.94,1.05,1.19,0.7,0.96,1.21,1.19,1.26,1.52,1.38,2.53,3.29,1.47,1.06,0.87,0.58,0.97,1.55,2.46,2.96,3.17,1.63,1.27,1.22,1.15,1.59,1.82,0.92,1.36,1.62,1.69,2.8,3.37,2.84,3.3,2.91,1.97,2.55,3.02,1.22,1.81,2.4,2.02,2.7,2.3,2.32,1.95,1.38,1.76,1.83,2.01,0.9,1.46,1.71,1.74,1.78,1.95,1.81,1.75,1.82,1.75,1.97,2.51,1.18,1.63,2,00,1.84,2.07,2.52,2.5,2.2,1.94,1.94,2.4,2.28,1.12,1.67,
Professionally qualified clinical staff,HCHS doctors - Hospital Practitioner / Clinical Assistant,1.1,1.58,1.62,1.63,1.74,1.75,0.26,1.04,1.08,0.94,0.71,0.9,1.97,3.54,1.19,1.43,2.1,2.11,1.68,1.88,2.73,2.12,2.5,3.33,3.86,4.23,4.4,3.83,4.14,5.53,4.62,3.49,2.02,2.25,2.16,1.65,0.79,0.34,0.53,0.91,0.11,0.08,0.2,0.5,0.26,1.3,1.95,1.34,2.15,1.96,1.62,1.4,1.31,1.39,1.14,1.07,1.77,2.04,2,00,2.55,3.28,2.5,0.86,1.34,1.16,4.27,4.89,3.58,3.44,3.49,3.54,4.89,3.74,3.04,3.82,1.68,1.97,2.1,0.75,0.28,0.75,0.2,0.51,2.39,3.72,1.83,2.65,2.64,1.16,2,00,1.71,2.14,1.77,1.19,1.91,1.49,1.33,1.27,1.67,0.33,0.03,0.11,0.47,1.16,1.64,
Professionally qualified clinical staff,HCHS doctors - Other HCHS doctor grades,2.25,2.04,2.21,2.25,2.22,1.95,2.03,2.09,2.14,2.22,2.28,2.14,2.51,2.44,2.12,1.93,2.12,1.97,2.03,1.96,1.8,2.01,2.1,2.11,2.31,2.28,2.05,2.47,2.49,2.31,2.14,2.01,2.07,2.24,2,00,2.03,2,00,2.34,2.86,2.82,1.94,1.73,1.75,1.42,1.69,1.88,2.14,2.23,2.33,1.51,1.63,1.74,1.9,1.82,1.94,1.72,1.88,2.06,2.06,2.51,3.1,2.65,2.74,2.4,1.84,1.98,2.47,1.76,1.66,1.87,1.96,2.26,1.96,1.72,1.79,1.57,1.64,1.61,1.54,1.47,1.46,1.68,1.77,1.86,1.92,1.81,1.55,1.66,1.61,1.63,1.72,1.46,1.48,1.57,1.71,1.71,1.75,1.63,1.58,1.58,1.56,1.64,1.72,1.77,1.67,
Professionally qualified clinical staff,Nurses & health visitors,5.02,4.54,4.16,3.98,4.15,4.14,4.31,4.26,4.28,4.47,4.7,4.96,5.38,4.69,4.3,4.11,4.04,4.17,4.37,4.37,4.44,4.6,4.73,4.85,5.04,4.76,4.33,4.37,4.32,4.4,4.47,4.38,4.49,4.76,4.88,5.12,5.06,4.69,5.72,7.41,5.57,4.54,4.3,4.28,4.52,4.86,5.46,5.83,6.73,5.37,4.47,4.51,4.73,4.98,5.43,5.54,5.81,6.17,6.08,6.91,7.56,6.13,6.53,6.34,5.3,5.67,6.61,5.41,5.44,6.12,5.84,6.95,5.78,5.34,5.31,4.92,4.83,4.85,5.07,5.22,5.34,5.66,5.59,5.95,5.86,5.36,5.03,5.09,5.04,5.21,5.5,5.08,5.32,5.78,5.78,6.25,6.18,5.64,5.26,5.23,5.13,5.34,5.47,5.56,5.8,
Professionally qualified clinical staff,Midwives,5.21,4.94,4.59,4.63,4.68,4.5,4.71,4.77,4.71,4.77,5.13,5.62,5.7,5.15,4.73,4.51,4.33,4.44,4.63,4.52,4.71,4.9,5.05,5.32,5.45,5.1,4.6,4.62,4.62,4.74,4.79,4.84,5.12,5.31,5.3,5.64,5.38,5.01,5.92,5.82,4.47,4.11,4.25,4.58,4.97,5.31,5.52,5.56,6.16,5.02,4.45,4.72,5.08,5.47,6.19,6.7,7.01,7.09,6.82,8.35,8.85,6.83,7.55,7.31,6.1,6.58,7.5,6.18,6.12,6.51,6.4,7.48,6.08,5.42,5.41,5.31,5.23,5.22,5.63,5.85,5.65,5.88,5.74,6.15,5.93,5.5,5.2,5.38,5.31,5.34,5.82,5.46,5.8,6.13,5.98,6.53,6.12,5.72,5.32,5.34,5.36,5.65,5.94,5.96,6.13,
Professionally qualified clinical staff,Ambulance staff,6.29,5.52,4.95,4.73,4.89,4.94,5.17,5.29,5.04,5.08,5.28,6.15,6.37,5.49,5.2,4.95,4.7,4.88,5.03,5.3,5.19,5.21,5.44,5.83,6.05,5.69,5.39,5.12,4.98,5.05,5.09,5.23,5.2,5.38,5.36,6,00,5.76,5.18,6.05,7.06,4.95,4.36,4.45,4.82,5.14,5.53,6.02,6.8,8.93,6.34,5.42,5.7,5.9,6.33,7.09,7.49,7.53,7.6,7.38,8.63,9.54,8.09,8.9,8.8,6.83,7.35,8.09,6.62,6.82,6.99,6.61,7.99,6.68,6.15,5.98,5.79,5.62,5.55,5.87,6.11,5.91,5.8,5.91,7.16,6.7,6.25,5.86,5.62,5.41,5.41,6.03,5.83,5.84,6.06,6.45,7.47,6.95,6.21,5.85,5.56,5.48,5.44,5.76,5.91,5.95,
Professionally qualified clinical staff,Scientific. therapeutic & technical staff,3.4,3.15,2.82,2.52,2.71,2.69,2.81,2.79,2.82,3.06,3.24,3.26,3.6,3.24,2.84,2.63,2.67,2.75,2.85,2.87,2.96,3.19,3.34,3.25,3.5,3.35,2.91,2.86,2.8,2.9,3,00,2.88,3.02,3.4,3.52,3.56,3.49,3.32,4.12,4.19,3.14,2.8,2.75,2.66,2.99,3.23,3.48,3.52,3.88,3.18,2.8,2.8,3.04,3.26,3.67,3.75,4.02,4.28,4.26,4.73,5.18,4.39,4.99,4.52,3.62,4.02,4.7,3.61,3.71,4.28,4.26,5.01,4.04,3.89,3.89,3.36,3.32,3.34,3.58,3.68,3.78,4.19,4.17,4.25,4.27,4.01,3.54,3.6,3.51,3.67,4,00,3.56,3.74,4.25,4.23,4.35,4.37,4.1,3.76,3.68,3.59,3.78,3.94,3.85,4.17,
Support to clinical staff,All staff groups,6.19,5.73,5.24,4.95,5.11,5.17,5.42,5.46,5.35,5.79,5.98,6.19,6.73,5.94,5.45,5.17,5.13,5.27,5.53,5.5,5.57,5.88,5.96,6.07,6.43,6.04,5.48,5.47,5.41,5.55,5.73,5.67,5.79,6.24,6.41,6.58,6.5,6.08,6.98,8.15,6.41,5.5,5.26,5.4,5.85,6.28,6.75,6.93,7.77,6.33,5.4,5.58,5.96,6.4,6.97,7.13,7.38,7.71,7.61,8.26,8.88,7.5,7.87,7.68,6.69,6.99,8.05,6.9,6.82,7.55,7.33,8.37,7.19,6.75,6.64,6.09,6.01,6.1,6.45,6.65,6.73,7.17,7.07,7.32,7.29,6.77,6.31,6.33,6.28,6.49,6.9,6.48,6.6,7.19,7.26,7.67,7.62,6.99,6.49,6.34,6.21,6.53,6.76,6.77,6.98,
Support to clinical staff,Support to doctors. nurses & midwives,6.38,5.89,5.4,5.14,5.29,5.33,5.57,5.6,5.47,5.91,6.1,6.34,6.88,6.05,5.58,5.33,5.29,5.47,5.72,5.69,5.75,6.06,6.12,6.26,6.59,6.15,5.62,5.61,5.54,5.73,5.89,5.8,5.93,6.38,6.52,6.71,6.64,6.19,7.11,8.53,6.69,5.69,5.43,5.56,5.99,6.45,6.96,7.16,7.96,6.49,5.52,5.7,6.08,6.53,7.09,7.21,7.51,7.87,7.76,8.42,9.06,7.62,7.94,7.77,6.83,7.11,8.19,7.05,6.97,7.72,7.47,8.49,7.34,6.87,6.78,6.24,6.18,6.27,6.63,6.82,6.93,7.34,7.21,7.46,7.46,6.92,6.48,6.54,6.5,6.7,7.13,6.71,6.81,7.42,7.47,7.87,7.87,7.19,6.68,6.56,6.42,6.72,6.96,6.96,7.16,
Support to clinical staff,Support to ambulance staff,6.43,5.96,5.55,5.58,5.7,5.87,6.29,6.39,6.09,6.43,6.5,7.31,7.43,6.59,6.07,5.66,5.64,5.74,6.14,6.21,6.04,6.27,6.22,6.64,6.77,6.42,6.18,6.16,6.21,6.04,6.35,6.47,6.36,6.45,6.83,7.51,7.22,6.87,7.74,8.63,6.42,5.48,5.42,6.02,6.66,7,00,7.32,8.11,10.46,8,00,6.9,7.38,7.65,8.1,8.9,9.36,9.4,9.49,9.44,10.86,11.28,9.68,10.19,10.39,8.89,9.17,10.09,8.82,8.82,9.45,8.88,10.71,9.08,8.42,8.05,7.77,7.45,7.62,7.79,7.79,7.69,8.1,8.03,9.12,8.7,7.92,7.66,7.34,7.36,7.37,7.73,7.43,7.55,7.9,8.32,9.6,8.9,7.97,7.62,7.27,7.24,7.63,7.87,7.95,7.95,
Support to clinical staff,Support to ST&T staff,5.3,4.98,4.46,3.98,4.15,4.28,4.56,4.61,4.62,5.1,5.36,5.26,5.89,5.32,4.73,4.4,4.31,4.35,4.55,4.54,4.72,5.02,5.21,5.15,5.64,5.46,4.72,4.6,4.57,4.63,4.8,4.88,4.99,5.58,5.78,5.7,5.64,5.34,6.18,6.38,5.22,4.66,4.47,4.53,4.95,5.3,5.64,5.59,6.03,5.12,4.36,4.43,4.86,5.27,5.83,6.04,6.2,6.46,6.4,6.78,7.39,6.33,6.83,6.4,5.43,5.81,6.83,5.72,5.58,6.29,6.31,7.18,6.05,5.78,5.71,5,00,4.96,5.02,5.39,5.65,5.71,6.26,6.25,6.28,6.24,5.86,5.29,5.27,5.16,5.46,5.88,5.41,5.58,6.18,6.24,6.43,6.39,6.01,5.52,5.33,5.24,5.6,5.8,5.8,6.12,
NHS infrastructure support,All staff groups,4.17,3.88,3.53,3.24,3.37,3.39,3.51,3.52,3.59,3.87,3.98,4.07,4.57,4.06,3.64,3.36,3.36,3.47,3.67,3.63,3.7,3.96,4.11,4.04,4.33,4.12,3.68,3.6,3.56,3.67,3.82,3.75,3.88,4.28,4.44,4.41,4.37,4.19,4.49,4.46,3.51,3.18,3.11,3.14,3.36,3.69,3.87,3.82,4.24,3.55,3.2,3.23,3.53,3.8,4.15,4.13,4.35,4.66,4.68,4.83,5.1,4.42,4.7,4.49,3.96,4.15,4.78,4.15,4.16,4.63,4.62,5.05,4.43,4.17,4.12,3.72,3.72,3.81,4.02,4.16,4.25,4.61,4.69,4.75,4.77,4.54,4.19,4.16,4.12,4.31,4.57,4.25,4.41,4.79,4.8,4.92,4.94,4.6,4.2,4.15,4.07,4.3,4.42,4.46,4.65,
NHS infrastructure support,Senior managers,1.95,1.71,1.62,1.45,1.53,1.51,1.56,1.73,1.59,1.85,1.81,1.85,2.19,1.95,1.8,1.76,1.58,1.62,1.71,1.69,1.65,1.7,1.79,1.9,2.04,1.93,1.68,1.71,1.72,1.84,1.84,1.74,1.79,1.78,1.86,1.86,1.89,1.69,1.75,1.85,1.27,1.1,1.13,1.06,1.21,1.56,1.69,1.56,1.76,1.41,1.24,1.29,1.37,1.5,1.57,1.61,1.68,1.88,1.9,2.01,2.04,1.74,2.13,1.91,1.69,1.78,1.93,1.66,1.59,1.91,2.03,2.22,1.78,1.72,1.76,1.63,1.64,1.61,1.82,1.79,1.75,2.04,1.97,2.2,2.12,2.09,1.93,1.98,1.92,1.98,2.2,2.06,2.03,2.18,2.11,2.26,2.14,2.07,2.02,1.91,1.9,1.93,1.98,1.97,2.17,
NHS infrastructure support,Managers,2.53,2.27,2.04,1.86,2.02,2.01,2.12,2.05,2.11,2.33,2.5,2.51,2.79,2.4,2.13,1.91,1.98,1.98,2.1,1.94,2.08,2.28,2.38,2.36,2.54,2.42,2.15,2.21,2.23,2.2,2.17,2.15,2.14,2.41,2.66,2.59,2.54,2.3,2.41,2.09,1.53,1.46,1.4,1.4,1.58,1.85,1.93,1.82,2.14,1.67,1.52,1.52,1.73,1.79,2.09,2.06,2.2,2.36,2.42,2.61,2.54,2.31,2.64,2.34,2.06,2.16,2.38,2.01,2.1,2.29,2.37,2.62,2.22,2.08,2.12,1.86,1.92,2,00,2.17,2.22,2.32,2.58,2.73,2.83,2.79,2.61,2.49,2.42,2.4,2.54,2.77,2.39,2.53,2.82,2.78,2.85,2.82,2.65,2.42,2.35,2.26,2.55,2.55,2.55,2.66,
NHS infrastructure support,Central functions,3.77,3.49,3.17,2.84,2.99,3.02,3.09,3.08,3.18,3.45,3.62,3.66,4.2,3.75,3.3,3.02,3.03,3.13,3.26,3.25,3.37,3.65,3.82,3.66,3.94,3.75,3.34,3.22,3.19,3.31,3.42,3.3,3.5,3.93,4.1,3.99,4,00,3.84,4.09,3.44,2.63,2.45,2.48,2.46,2.71,3.02,3.22,3.05,3.36,2.82,2.6,2.56,2.82,3.08,3.41,3.41,3.66,3.94,4,00,4.05,4.25,3.71,4,00,3.75,3.26,3.46,4.01,3.39,3.48,3.93,3.99,4.28,3.78,3.62,3.56,3.2,3.18,3.2,3.42,3.53,3.69,4.08,4.19,4.12,4.16,3.98,3.65,3.61,3.58,3.76,4.01,3.65,3.83,4.21,4.25,4.23,4.26,4.05,3.66,3.62,3.54,3.74,3.86,3.87,4.17,
NHS infrastructure support,Hotel. property & estates,6.16,5.83,5.33,4.97,5.09,5.12,5.35,5.41,5.46,5.8,5.83,6.06,6.63,5.86,5.39,5.03,5.02,5.23,5.61,5.56,5.52,5.8,5.97,6,00,6.48,6.17,5.55,5.41,5.33,5.48,5.83,5.84,5.92,6.36,6.47,6.59,6.44,6.19,6.82,8.07,6.58,5.81,5.54,5.69,5.87,6.23,6.46,6.67,7.42,6.25,5.49,5.73,6.2,6.61,7.06,7,00,7.27,7.79,7.69,8.07,8.72,7.48,7.71,7.61,6.82,7.06,8.17,7.31,7.15,7.82,7.61,8.48,7.47,6.9,6.79,6.17,6.12,6.36,6.59,6.88,6.9,7.25,7.29,7.55,7.59,7.14,6.6,6.57,6.5,6.73,7.04,6.78,6.95,7.42,7.44,7.84,7.9,7.15,6.57,6.51,6.45,6.73,6.93,7.02,7.05,
Unknown classification,All staff groups,2.09,1.73,1.39,1.17,1.03,1.1,1.23,1.15,1.25,1.24,1.02,1.3,1.6,1.22,0.88,0.76,0.83,0.85,0.9,0.79,0.94,0.97,1.05,0.97,1.12,1.81,2.69,1.8,1.54,1.22,1.39,1.47,1.44,1.56,1.54,1.62,1.67,1.38,1.62,1.51,1.3,1.01,1.15,1.11,1.16,0.98,1.12,0.93,1.02,0.67,0.59,0.76,1.05,0.85,1.12,1.1,0.98,1.03,1.28,1.24,1.64,1.21,1.5,1.75,1.4,0.95,1.06,0.85,0.94,0.95,0.94,1.1,1.12,1.04,0.84,0.94,1.02,0.96,0.86,1.08,0.98,1,00,0.93,0.88,0.89,1.01,0.75,0.92,1.01,0.86,1.15,0.91,0.82,0.84,0.92,0.99,1.01,0.8,0.96,0.72,0.85,1.16,1.15,1.06,1.13,
